{"cameraMode":{"drawMode":0,"name":"Shaded","section":"Shading Mode"},"sceneLighting":false,"audioPlay":false,"sceneViewState":{"showFog":true,"showMaterialUpdate":false,"showSkybox":false,"showFlares":true,"showImageEffects":true,"showParticleSystems":true},"in2DMode":false,"pivot":{"x":325.73455810546877,"y":128.18618774414063,"z":0.00029005110263824463},"rotation":{"x":-0.2842909097671509,"y":0.019043855369091035,"z":-0.005646145436912775,"w":-0.9585322737693787},"size":137.36065673828126,"orthographic":false}