{"cameraMode":{"drawMode":0,"name":"Shaded","section":"Shading Mode"},"sceneLighting":false,"audioPlay":false,"sceneViewState":{"showFog":true,"showMaterialUpdate":false,"showSkybox":true,"showFlares":true,"showImageEffects":true,"showParticleSystems":true},"in2DMode":false,"pivot":{"x":24.67915916442871,"y":13.544807434082032,"z":-6.776358127593994},"rotation":{"x":0.20904496312141419,"y":-0.7045744061470032,"z":0.23100782930850984,"w":0.6375817656517029},"size":20.016706466674806,"orthographic":false}