{"cameraMode":{"drawMode":0,"name":"Shaded","section":"Shading Mode"},"sceneLighting":false,"audioPlay":false,"sceneViewState":{"showFog":true,"showMaterialUpdate":false,"showSkybox":false,"showFlares":true,"showImageEffects":true,"showParticleSystems":true},"in2DMode":false,"pivot":{"x":-45.785404205322269,"y":-1.074329137802124,"z":-4.050511837005615},"rotation":{"x":-0.20532482862472535,"y":-0.3555644452571869,"z":0.08038157969713211,"w":-0.9082700610160828},"size":6.977174758911133,"orthographic":false}